<?xml version="1.0" encoding="UTF-8"?>
<lista_korisnika>
	<korisnik>
		<username>user1</username>
		<password>12345</password>
		<ime>Johnny</ime>
		<prezime>Depp</prezime>
		<web>http://www.staggeringbeauty.com/</web>
		<slika>slike/korisnik1.jpg</slika>
	</korisnik>
	<korisnik>
		<username>user2</username>
		<password>12345</password>
		<ime>James</ime>
		<prezime>Bond</prezime>
		<web>https://www.hackertyper.com/</web>
		<slika>slike/korisnik2.jpg</slika>
	</korisnik>
	<korisnik>
		<username>user3</username>
		<password>12345</password>
		<ime>Arnold</ime>
		<prezime>Schwarzenegger</prezime>
		<web>https://pointerpointer.com/</web>
		<slika>slike/korisnik3.jpg</slika>
	</korisnik>
	<korisnik>
		<username>user4</username>
		<password>12345</password>
		<ime>Emma</ime>
		<prezime>Watson</prezime>
		<web>http://www.everydayim.com/</web>
		<slika>slike/korisnik4.jpg</slika>
	</korisnik>
	<korisnik>
		<username>user5</username>
		<password>12345</password>
		<ime>Levi</ime>
		<prezime>Ackerman</prezime>
		<web>http://ihasabucket.com/</web>
		<slika>slike/korisnik5.jpg</slika>
	</korisnik>
	<korisnik>
		<username>user6</username>
		<password>12345</password>
		<ime>Eren</ime>
		<prezime>Yeager</prezime>
		<web>http://www.partridgegetslucky.com/</web>
		<slika>slike/korisnik6.jpg</slika>
	</korisnik>
	<korisnik>
		<username>user7</username>
		<password>12345</password>
		<ime>Bugs</ime>
		<prezime>Bunny</prezime>
		<web>http://chillestmonkey.com/</web>
		<slika>slike/korisnik7.jpg</slika>
	</korisnik>
	<korisnik>
		<username>user8</username>
		<password>12345</password>
		<ime>Daffy</ime>
		<prezime>Duck</prezime>
		<web>https://strobe.cool/</web>
		<slika>slike/korisnik8.jpg</slika>
	</korisnik>
	<korisnik>
		<username>user9</username>
		<password>12345</password>
		<ime>David</ime>
		<prezime>Beckham</prezime>
		<web>http://dogs.are.the.most.moe/</web>
		<slika>slike/korisnik9.jpg</slika>
	</korisnik>
	<korisnik>
		<username>user10</username>
		<password>12345</password>
		<ime>George</ime>
		<prezime>Clooney</prezime>
		<web>https://www.bouncingdvdlogo.com/</web>
		<slika>slike/korisnik10.jpg</slika>
	</korisnik>
</lista_korisnika>
